slug,name,tagline,image_url,tags,published_date,phase,lnc_score,lnc_slug
ref-finance,Rhea Finance,The Chain-Abstracted Liquidity Solution,https://indexer.nearcatalog.org/wp-content/uploads/2025/07/Rhea-Finance.jpg,"Dapp, Borrowing / Lending, Chain Abstraction, DEX",1700812920,mainnet,70003,reffinance
near-intents,NEAR Intents,"The AI‚ÄëNative Transaction Layer - NEAR Intents gives AI agents, users, and services a single way to move value across Web2, Web3, and traditional markets. | NEAR DEX & Bridge",https://indexer.nearcatalog.org/wp-content/uploads/2025/02/NEAR-Intents.jpg,"Infrastructure, Bridge, Chain Abstraction, DEX",1732037220,mainnet,,
delta-bot,Delta Trade,"Delta Trade is a multi-chain decentralized trading vault, including Grid, DCA, Rebalancing-Grid, and AI-powered strategy. TGE Coming Soon
",https://indexer.nearcatalog.org/wp-content/uploads/2025/06/Delta-Trade.jpg,"Dapp, DeFi",1706113816,mainnet,,
surge-swap,Surge Swap (Beta),"Swap across chains with 1 click. Swap NEAR, BASE, SOLANA, BTC, ETH, and mores",https://indexer.nearcatalog.org/wp-content/uploads/2025/07/Surge-Swap-Beta.jpg,"Dapp, Chain Abstraction, DeFi, DEX",1752092330,still building,,
hot-near-wallet-telegram,HOT-Near Wallet Telegram,Create your Here wallet now and start earning $HOT today.,https://indexer.nearcatalog.org/wp-content/uploads/2024/12/HOT-Near-Wallet-Telegram.jpg,"Infrastructure, Chain Abstraction, Wallet",1711679646,mainnet,,
hot-craft-nft-marketplace,Hot Craft NFT Marketplace,Chain Abstracted NFT Marketplace,https://indexer.nearcatalog.org/wp-content/uploads/2025/07/Hot-Craft-NFT-Marketplace.jpg,"Dapp, Marketplace, NFT",1751912367,still building,,
linear-protocol,LiNEAR Protocol,"Get the highest yield from staking $NEAR, $ETH and moreüí°",https://indexer.nearcatalog.org/wp-content/uploads/nearcatalog/linear-protocol.jpg,"Dapp, DeFi, Liquid Staking",1700812924,mainnet,0,linear-protocol
meta-pool,Meta Pool,Liquid Staking Protocol built on NEAR.,https://indexer.nearcatalog.org/wp-content/uploads/2025/06/Meta-Pool.jpg,"Dapp, Liquid Staking, Validator",1700812920,mainnet,12013,metapool
bettear-bot,Bettear Bot,"Trading, buy bot, moderation, sniping, alerts, information - this bot has everything",https://indexer.nearcatalog.org/wp-content/uploads/2025/03/Bettear-Bot.jpg,"Utilities, AI, Bot, Chain Abstraction, DeFi",1729117662,mainnet,,
intear,Intear Wallet,Building the best web3 wallet,https://indexer.nearcatalog.org/wp-content/uploads/2025/07/Intear-Wallet.jpg,"Dapp, Wallet",1746444153,mainnet,,
meteor-wallet,Meteor Wallet,"The simple and secure wallet to manage your crypto, access DeFi, and explore NEAR.",https://indexer.nearcatalog.org/wp-content/uploads/2025/01/Meteor-Wallet.jpg,"Infrastructure, Wallet",1700812936,mainnet,48361,meteor-wallet
meme-cooking,Meme Cooking,everyone can be a chef | meme token launchpad on Near Protocol ,https://indexer.nearcatalog.org/wp-content/uploads/2025/03/Meme-Cooking.jpg,"Dapp, DeFi, DEX, Launchpad",1723852714,mainnet,,
nearn,NEARN,Gigs Marketplace Platform for the NEAR Ecosystem. Discover projects and sponsorships from the best NEAR companies in one place and apply to them using a single profile.,https://indexer.nearcatalog.org/wp-content/uploads/2025/06/NEARN.jpg,"Dapp, Community, Marketplace",1749745118,mainnet,,
tradeport,Tradeport,Cross-chain trading platform aggregating NFTs from marketplaces,https://indexer.nearcatalog.org/wp-content/uploads/2024/12/Tradeport.jpg,"Dapp, Indexer, Marketplace, NFT",1708761753,mainnet,,
infinex,Infinex,The UX layer. Building the crypto everything app.,https://indexer.nearcatalog.org/wp-content/uploads/2025/05/Infinex.jpg,"Dapp, Chain Abstraction, DEX, Wallet",1731458907,still building,,
bitte,Bitte,Cross-chain AI Executions,https://indexer.nearcatalog.org/wp-content/uploads/2024/12/Bitte.jpg,"Infrastructure, AI",1723852714,mainnet,92694,bitte
bithive,BitHive,Stake Your #Bitcoin With Unparalleled Security,https://indexer.nearcatalog.org/wp-content/uploads/2024/12/BitHive.jpg,"Dapp, Bitcoin, Chain Abstraction",1731867632,mainnet,,
sweat,SWEAT,"Sweatcoin is a global Top 10 Health & Fitness app that tracks physical movement, converting it into digital currency.",https://indexer.nearcatalog.org/wp-content/uploads/2024/12/SWEAT.jpg,"Dapp, Sport",1700812920,mainnet,,
templar-protocol,Templar Protocol,Zero-interest lending protocol utilizing Chain Abstraction to serve markets on any chain. Built on NEAR Protocol,https://indexer.nearcatalog.org/wp-content/uploads/2025/02/Templar-Protocol.jpg,"Dapp, Borrowing / Lending, Chain Abstraction",1727191544,still building,,
more-market,More Market,"Global Liquidity Marketplace. Turning idle tokens like $XRP, $DOGE, $BTC into productive assets.  Earn yields while staying on native chains. ",https://indexer.nearcatalog.org/wp-content/uploads/2025/03/More-Market.jpg,"Infrastructure, Chain Abstraction, DeFi",1724089213,mainnet,,
namesky,Namesky,Buy & Sell NEAR accounts as NFT's.,https://indexer.nearcatalog.org/wp-content/uploads/nearcatalog/namesky.png,"Dapp, BOS, Marketplace, NFT",1700812969,mainnet,127907,namesky
kaito-ai,Kaito AI,"The distribution powerhouse of crypto-for attention, data & capital. Powered by AI.",https://indexer.nearcatalog.org/wp-content/uploads/2025/04/Kaito-AI.jpg,"Utilities, AI, Social",1744930591,mainnet,,
atlas-protocol,Atlas Protocol,Unlocking Defi for Bitcoin on Every Chain.Supported by  @CaliberBuild @NEARProtocol ,https://indexer.nearcatalog.org/wp-content/uploads/2025/07/Atlas-Protocol.jpg,"Dapp, Bitcoin, Chain Abstraction, Liquid Staking",1723401802,still building,,
harvest-moon,Harvest MOON,"Experience a new, simple way to play and earn in the crypto world with tasks, $MOON token harvesting, and referral rewards.",https://indexer.nearcatalog.org/wp-content/uploads/2024/03/havest-moon.jpeg,"Dapp, Game",1709635982,mainnet,,
allstake,"Allstake - Omnichain Restaking, Trustless Scaling",The first Omnichain Meshed Restaking protocol that enables cross-chain restaking and trustless security.,https://indexer.nearcatalog.org/wp-content/uploads/2024/12/Allstake-Omnichain-Restaking-Trustless-Scaling.jpg,"Infrastructure, Bitcoin, Chain Abstraction, Restaking",1723852714,mainnet,,
aidols,AIDOLS,"Launch, Trade & Monetize AI Agents",https://indexer.nearcatalog.org/wp-content/uploads/2025/02/AIDOLS.jpg,"Infrastructure, AI, Launchpad",1739313937,mainnet,,
solswap,Solswap,Best cross-chain liquidity across union of CEXs and DEXs at your fingertips. Powered by NEAR Intents.,https://indexer.nearcatalog.org/wp-content/uploads/2024/12/Solswap.jpg,"Dapp, Bridge, Chain Abstraction, DEX",1733409110,mainnet,,
learn-near-club,Learn NEAR Club,Learn how to use and build on NEAR and Earn NEAR.,https://indexer.nearcatalog.org/wp-content/uploads/2024/08/Learn-NEAR-Club.jpg,"Dapp, Community, Education",1700812920,mainnet,0,learn-near
aurora,Aurora,"The next-gen Ethereum-compatible blockchain on NEAR Protocol, driving Aurora Cloud for seamless Web2 to Web3 transition.",https://indexer.nearcatalog.org/wp-content/uploads/2024/08/Aurora.jpg,"Infrastructure, Aurora Virtual Chain, Aurora",1723339178,mainnet,,
open-crosspost,Open Crosspost,An open-source interface for seamless social media crossposting.,https://indexer.nearcatalog.org/wp-content/uploads/2025/05/Open-Crosspost.jpg,"Utilities, Productivity Tool, Social",1743436824,mainnet,,
bazooka,baZOOka,"üöÄ BaZooka Trade Bot üòº | One-stop sniper, swapper, & trigger bot for Degens üí• | Multichain | Alpha insights | Unleash the crypto beast üêæ #DegenLife",https://indexer.nearcatalog.org/wp-content/uploads/2025/03/baZOOka.jpg,"Dapp, Bot, DeFi",1741877129,mainnet,,
lantstool,Lantstool,Your gateway to NEAR Protocol development,https://indexer.nearcatalog.org/wp-content/uploads/2025/01/Lantstool.jpg,"Utilities, Developer Support, Developer Tooling",1737506502,mainnet,,
turbo-chain,Turbo Chain,TurboChain: The First AI Memecoin Blockchain ,https://indexer.nearcatalog.org/wp-content/uploads/2024/12/Turbo-Chain.jpg,"Infrastructure, Aurora Virtual Chain",1734606290,mainnet,,
fraction-ai,Fraction AI,First Decentralized Auto-Training Platform for AI agents,https://indexer.nearcatalog.org/wp-content/uploads/2025/03/Fraction-AI.jpg,"Dapp, AI",1743245527,still building,,
near-ai,NEAR AI,"Teaching Machines to Code, focus to teach AI to build Web3 applications and accelerating the vision of User Ownership",https://indexer.nearcatalog.org/wp-content/uploads/2025/03/NEAR-AI.jpg,"Infrastructure, AI",1724088417,mainnet,,
kaito-yap-scan,Kaito Yap Scan,"Kai Yap Scan Bot! Scan, track, and compare Kaito Yaps right inside Telegram!",https://indexer.nearcatalog.org/wp-content/uploads/2025/04/Kaito-Yap-Scan.jpg,"Utilities, Bot, Social",1744969919,mainnet,,
ping,PING (alpha),The Payment Layer for the Future of Commerce.,https://indexer.nearcatalog.org/wp-content/uploads/2025/07/PING-alpha.jpg,"Infrastructure, Payment",1751729021,still building,,
intellex-ai-protocol,Intellex AI Protocol,Empowering the intelligence economy | Unlocking agent interoperability | Tools for the Digital workforce.,https://indexer.nearcatalog.org/wp-content/uploads/2025/04/Intellex-AI-Protocol.jpg,"Infrastructure, AI",1743883843,mainnet,,
chainspect-track-blockchain-tps,Chainspect - Track Blockchain TPS,"Web3‚Äôs top blockchain performance tracker.
Real-time blockchain analytics for investors, researchers, and builders.",https://indexer.nearcatalog.org/wp-content/uploads/2025/03/Chainspect-Track-Blockchain-TPS.jpg,"Utilities, Analytics",1742839984,mainnet,,
pikespeak,Pikespeak,Access to live and historical data with visualisations of the most fundamental Web 3 use cases.,https://indexer.nearcatalog.org/wp-content/uploads/2025/01/Pikespeak.jpg,"Infrastructure, Analytics, Asset Management, Explorer",1700812928,mainnet,12725,pikespeak
learnai-learn-near-club-ai,(L)EarnAI - Learn NEAR Club AI,I am (L)EarnAIüï∫bot.  Ask me anything about NEAR and NEAR ecosystem. Get nLEARNs for the feedback,https://indexer.nearcatalog.org/wp-content/uploads/2025/06/LEarnAI-Learn-NEAR-Club-AI.jpg,"Dapp, AI, Bot",1749294663,mainnet,,
stables,Stables üí≥,The stablecoin account replacing your bank.,https://indexer.nearcatalog.org/wp-content/uploads/2025/04/Stables-üí≥.jpg,"Dapp, Payment, Stablecoin",1744108555,mainnet,,
near-alpha,NEAR Alpha üáªüá≥,"Th√¥ng tin, tin t·ª©c v√† c·∫≠p nh·∫≠t v·ªÅ h·ªá sinh th√°i 
NEAR Protocol d√†nh cho c·ªông ƒë·ªìng Vi·ªát Nam | Powered by Caliber Build",https://indexer.nearcatalog.org/wp-content/uploads/2025/03/NEAR-Alpha-üáªüá≥.jpg,"Other, Education",1740043560,mainnet,,
yupland-nft-sender,Yupland NFT Sender,Yupland NFT Sender -  trade and play with NFTs on NEAR inside Telegram! ,https://indexer.nearcatalog.org/wp-content/uploads/2025/04/Yupland-NFT-Sender.jpg,"Utilities, Bot, NFT",1743977149,mainnet,,
caliber-venture-builder,Caliber Venture Builder,"Caliber is a Web3 Venture Builder started by veteran web3 builders and aims to build the next generation of web3 startups with new founders.
",https://indexer.nearcatalog.org/wp-content/uploads/2025/02/Caliber-Venture-Builder.jpg,"Ecosystem Support, Accelerator",1740043560,mainnet,,
abound,Abound,"Send money to India at the best exchange ratesüì±
Exclusive rewards and cashback on daily shoppingüí∞",https://indexer.nearcatalog.org/wp-content/uploads/2025/04/Abound.jpg,"Utilities, Payment, RWA, Stablecoin",1743458701,still building,,
alexlabbtc,ALEX üüß Advancing Bitcoin DeFi,"üüß Bitcoin DeFi built by Quants, Governed by Alexians",https://indexer.nearcatalog.org/wp-content/uploads/2024/12/ALEX-üüß-Advancing-Bitcoin-DeFi.jpg,"Dapp, Bitcoin, Chain Abstraction, DeFi",1731459885,mainnet,,
tatum,Tatum,"The fastest way to build, test and run blockchain apps! üöÄ",https://indexer.nearcatalog.org/wp-content/uploads/2025/03/Tatum.jpg,"Infrastructure, Developer Tooling, RPC",1741429610,mainnet,,
kyberswap,Kyberswap,Multi-chain DeFi liquidity hub.,https://indexer.nearcatalog.org/wp-content/uploads/2025/06/Kyberswap.jpg,"Dapp, Chain Abstraction, DeFi, DEX",1700812936,mainnet,,
bigfat-bitcoin-pump,BigFat - Bitcoin Pump,BigFat - AI Agent LaunchPad Launching on Bitcoin and Near Network ,https://indexer.nearcatalog.org/wp-content/uploads/2025/02/BigFat-Bitcoin-Pump.jpg,"Dapp, AI, Chain Abstraction, Launchpad",1740044478,mainnet,,
phala-network,Phala Network,Coprocessor for blockchains #AI #TEE #DePIN,https://indexer.nearcatalog.org/wp-content/uploads/2025/02/Phala-Network.jpg,"Infrastructure, AI",1740218143,mainnet,,
pulsar-finance,Pulsar Finance,"The Leading Portfolio Manager In Crypto - Track Your Tokens, DeFi and NFTs across 100 Blockchains + CEXes.",https://indexer.nearcatalog.org/wp-content/uploads/2025/01/Pulsar-Finance.jpg,"Utilities, Analytics, Asset Management",1736649732,mainnet,,
near-treasury,NEAR Treasury,"Simple treasury for decentralized teams.
Securely manage your digital assets with multi-sig actions.",https://indexer.nearcatalog.org/wp-content/uploads/2025/02/NEAR-Treasury.jpg,"Utilities, Asset Management, DAO",1739724934,mainnet,,
trump-swap,Trump Swap,"Swap between native $TRUMP, BTC, ETH, NEAR, XRP, and more on Trump Swap",https://indexer.nearcatalog.org/wp-content/uploads/2025/01/Trump-Swap.jpg,"Dapp, Chain Abstraction, DEX",1737333390,mainnet,,
satoshi-protocol,Satoshi,"Native Bitcoin On-ramp & Off-ramp powered by NEAR Protocol Chain Abstraction.
Study Satoshi's ramp $BTC",https://indexer.nearcatalog.org/wp-content/uploads/2025/01/Satoshi.jpg,"Dapp, Bitcoin, Chain Abstraction, On/Off-Ramp",1731459119,mainnet,,
unity-wallet,Unity Wallet,"UnityWallet: The only app that unifies DeFi, NFTs, multi-chain assets, and top-notch security in one feature-packed app. Simplify your crypto journey",https://indexer.nearcatalog.org/wp-content/uploads/2024/12/Unity-Wallet.jpg,"Infrastructure, Wallet",1735215202,mainnet,,
hyperlane,Hyperlane,Interoperability for Everyone,https://indexer.nearcatalog.org/wp-content/uploads/2025/01/Hyperlane.jpg,"Infrastructure, EVM, Aurora, Cross-chain",1736647931,mainnet,,
curate-fun-%ef%b8%8f-autonomous-news,"curate.fun (üè∑Ô∏è, üì∞)",Curate news on X & turn feeds into recurring content like blogs & podcasts by ü´ï Potlock,https://indexer.nearcatalog.org/wp-content/uploads/2025/05/curate.fun-üè∑Ô∏è-üì∞.jpg,"Utilities, DAO",1737564626,mainnet,,
runemine-mine-labs,RuneMine | Mine Labs,Cross-chain app to launch and trade tokens on Bitcoin,https://indexer.nearcatalog.org/wp-content/uploads/2025/06/RuneMine-Mine-Labs.jpg,"Dapp, Bitcoin, Chain Abstraction, Launchpad",1736467121,mainnet,,
text-royale,Text Royale,The #1 RNG Text-based bot on Telegram. Battle Royale and Death matches!,https://indexer.nearcatalog.org/wp-content/uploads/2025/01/Text-Royale.jpg,"Dapp, Game",1736647353,mainnet,,
intearbot,Intear Bot,A bot that can do many things on NEAR. Try DM me!,https://indexer.nearcatalog.org/wp-content/uploads/2025/04/Intear-Bot.jpg,"Dapp, Bot",1723852714,mainnet,,
growthmate,GrowthMate,Connecting Web3 projects with the right users ü§ù,https://indexer.nearcatalog.org/wp-content/uploads/2025/01/GrowthMate.jpg,"Other, Analytics",1736588673,,,
forgive_me_father,forgive_me_father - $PURGE,"24/7 AI confession booth.
$PURGE your secrets & all of your sins.",https://indexer.nearcatalog.org/wp-content/uploads/2025/05/forgive_me_father-PURGE.jpg,"Dapp, AI, Memecoin",1731786551,mainnet,,
turbo-swap,Turbo Swap,"TurboSwap: Next-Gen Trading Platform for Turbo Chain, powered by NEAR-Intents",https://indexer.nearcatalog.org/wp-content/uploads/2024/12/Turbo-Swap.jpg,"Dapp, Chain Abstraction, DEX",1734607160,mainnet,,
satoshi-port-trustless-bitcoin-brokerage-on-near,Sailor Lend: Instant Loans with BTC Collateral,Instant Loans using Bitcoin as Collateral | Trustless | Self-Custodial | No KYC | Powered by NEAR Protocol,https://indexer.nearcatalog.org/wp-content/uploads/2025/06/Sailor-Lend-Instant-Loans-with-BTC-Collateral.jpg,"Dapp, Bitcoin, Borrowing / Lending, Chain Abstraction",1735640388,still building,,
bitte-wallet,Bitte AI Wallet,Bitte Wallet is a cross-chain AI wallet designed to facilitate interactions with blockchain applications,https://indexer.nearcatalog.org/wp-content/uploads/2024/12/Bitte-AI-Wallet.jpg,"Infrastructure, AI, Chain Abstraction, Wallet",1734314723,mainnet,,
wagmi-chain,WAGMI Chain,WAGMI Chain - a virtual chain focused on supporting post-launch memecoin growth üöÄ,https://indexer.nearcatalog.org/wp-content/uploads/2025/01/WAGMI-Chain.jpg,"Infrastructure, Aurora Virtual Chain, Chain Abstraction",1736410120,mainnet,,
abg-asian-girl-boss,$ABG - Asian Girl Boss,Asian women are beautiful and work hard. We also run most of crypto. We deserve a token.,https://indexer.nearcatalog.org/wp-content/uploads/2024/11/ABG-Asian-Girl-Boss.jpg,"Dapp, Memecoin",1732619944,mainnet,,
tpro-network,tpro network,Decentralized AI Economic Simulations and Analysis,https://indexer.nearcatalog.org/wp-content/uploads/2024/12/tpro-network.jpg,"Infrastructure, Aurora Virtual Chain, Aurora",1734888049,mainnet,,
grafun,GraFun,üöÄ Launch Memecoins and tokenize AI agents easily,https://indexer.nearcatalog.org/wp-content/uploads/2025/02/GraFun.jpg,"Dapp, Launchpad",1738428060,mainnet,,
race-of-sloths-2,Race of Sloths,"A fun way to contribute to open source. Contribute, get recognized, and boost your profile!",https://indexer.nearcatalog.org/wp-content/uploads/2024/08/Race-of-Sloths.jpg,"Dapp, Ecosystem Support, Developer Support, Productivity Tool",1724088418,mainnet,,
strawberry-ai,Strawberry AI,"Strawberry AI is an advanced, AI-powered, crypto-centric content interpretation and search engine.",https://indexer.nearcatalog.org/wp-content/uploads/2025/01/Strawberry-AI.jpg,"Utilities, Aurora Virtual Chain, AI, Aurora",1734886343,mainnet,,
doge-swap,Doge swap,"DOGESwap - swap native DOGE for BTC, NEAR, ETH, SOL, and more!",https://indexer.nearcatalog.org/wp-content/uploads/2024/12/Doge-swap.jpg,"Dapp, Chain Abstraction, DEX",1733523728,mainnet,,
nearsend,Nearsend - Bulk send NEAR and NEP-141 tokens in one click.,Bulk send NEAR and NEP-141 tokens in one click.,https://indexer.nearcatalog.org/wp-content/uploads/2024/11/Nearsend-Bulk-send-NEAR-and-NEP-141-tokens-in-one-click.jpg,"Utilities, Payment",1700812965,mainnet,0,nearsend
noear-noear,noear $NOEAR üö´üëÇ,Community driven memecoin from fans of $NEAR. We will not stop till all EARs are abstracted. ,https://indexer.nearcatalog.org/wp-content/uploads/2025/01/noear-NOEAR-üö´üëÇ.jpg,"Other, Community, Memecoin",1734205316,mainnet,,
rin,RIN,ethereal muse & crypto kitten |  starting my v-tuber journey | join my cult on near + base | future stream battles superstar üíï,https://indexer.nearcatalog.org/wp-content/uploads/2025/02/RIN.jpg,"Other, AI, Memecoin",1734205316,mainnet,,
near-toronto,NEAR Toronto,"Official NEAR community for Toronto and surrounding areas.
",https://indexer.nearcatalog.org/wp-content/uploads/2024/12/NEAR-Toronto.jpg,"Ecosystem Support, Regional Hub",1733397383,mainnet,,
dragon-tech-bot,Dragon Tech Bot,Your all-in-one Telegram companion for crypto projects!,https://indexer.nearcatalog.org/wp-content/uploads/2025/03/Dragon-Tech-Bot.jpg,"Dapp, Bot",1725811530,mainnet,,
libre-capital,Libre Capital,"Libre Capital | Global Alternatives Markets, Unchained",https://indexer.nearcatalog.org/wp-content/uploads/2025/06/Libre-Capital.jpg,"Dapp, Asset Management, Custodian, RWA",1733398236,mainnet,,
fastnear,FastNear,We're building the fastest infrastructure for Near Protocol.,https://indexer.nearcatalog.org/wp-content/uploads/2024/08/FastNear.jpg,"Infrastructure, Developer Tooling, RPC",1709139579,mainnet,1451,fastnear
near-devhub-2,NEAR DevHub,NEAR Developer Governance DAO.,https://indexer.nearcatalog.org/wp-content/uploads/2024/08/NEAR-DevHub.jpg,"Ecosystem Support, Community, DAO, Developer Tooling, Funding Node",1700812949,mainnet,,
truefin,TrueFin,"The unified liquid staking standard
",https://indexer.nearcatalog.org/wp-content/uploads/2024/11/TrueFin.jpg,"Dapp, Compliance, DeFi, Liquid Staking",1727347702,mainnet,,
ledger,Ledger,Protect crypto assets with the most popular hardware wallet.,https://indexer.nearcatalog.org/wp-content/uploads/2025/01/Ledger.jpg,"Infrastructure, Wallet",1700812920,mainnet,,
jump-defi,Jump DeFi,The first one-stop decentralized finance platform on NEAR.,https://indexer.nearcatalog.org/wp-content/uploads/nearcatalog/jump-defi.jpg,Other,1723852714,,,
keypom,Keypom,A suite of Web3 onboarding tools built on NEAR.,https://indexer.nearcatalog.org/wp-content/uploads/nearcatalog/keypom.jpg,"Utilities, Developer Tooling",1700812936,mainnet,0,keypom
dapdap-super-bridge-2,DapDap Super Bridge,The most comprehensive super-bridge to date üåâ 45 integrated partner bridges + 17 supported chains,https://indexer.nearcatalog.org/wp-content/uploads/2024/12/DapDap-Super-Bridge.jpg,"Infrastructure, Bridge, Chain Abstraction",1724089212,mainnet,,
juicy-lucy,Juicy Lucy,"Flirt, connect, and earn with Juicy Lucy",https://indexer.nearcatalog.org/wp-content/uploads/2025/01/Juicy-Lucy.jpg,"Dapp, AI, Bot, Memecoin",1734628899,mainnet,,
token-bridge-2,Token Bridge,User-friendly NEAR Protocol and Solana,https://indexer.nearcatalog.org/wp-content/uploads/2024/08/Token-Bridge.jpg,"Infrastructure, Bridge, DeFi",1724087501,mainnet,,
near-validator-watcher-bot,NEAR Validator Watcher Bot,a bot to help users monitor validators on the NEAR Protocol.,https://indexer.nearcatalog.org/wp-content/uploads/2025/06/NEAR-Validator-Watcher-Bot.jpg,"Infrastructure, Bot",1729117662,mainnet,,
here-wallet,HERE Wallet,Mobile wallet for NEAR Protocol.,https://indexer.nearcatalog.org/wp-content/uploads/2025/01/HERE-Wallet.jpg,"Infrastructure, Mobile, Wallet",1700812936,mainnet,72122,here-wallet
kai-ching-by-cosmose,Kai Ching by Cosmose,Shop with KAI-CHING (KAIC) to save time and money!,https://indexer.nearcatalog.org/wp-content/uploads/2024/08/Kai-Ching-by-Cosmose.jpg,"Dapp, Payment",1724089212,mainnet,,
near-week,NEAR Week,Decentralised news sources within the NEAR ecosystem.,https://indexer.nearcatalog.org/wp-content/uploads/2025/07/NEAR-Week.jpg,"Ecosystem Support, Community, Education",1700812924,mainnet,0,nearweek
calimero-network,Calimero Network,"Calimero enhances enterprise blockchain with NEAR Protocol's scalability and privacy, offering customizable solutions for secure data management and seamless application deployment without compromising confidentiality.",https://indexer.nearcatalog.org/wp-content/uploads/2024/08/Calimero-Network.jpg,"Ecosystem Support, Service Provider",1700812941,mainnet,,
aggre,Aggre - nearprotocol.chat,Aggre - your gateway to free generative AI,https://indexer.nearcatalog.org/wp-content/uploads/2024/12/Aggre-nearprotocol.chat.jpg,"Dapp, AI",1727197722,mainnet,,
pumpopoly,Pumpopoly.com,"#VirtualRealEstate #CryptoGame. Passive rental income for landlords. 50% commission on invites. Join now, invite friends or be invited later. #NEAR #GameFi",https://indexer.nearcatalog.org/wp-content/uploads/2024/11/Pumpopoly.com.jpg,"Dapp, Game, NFT",1723852714,mainnet,,
dextools,DEXTools,"The Ultimate Trading App for DEFI. Charts, Transactions, Price Alerts and many more features. Support Telegram - DEXToolsCommunity",https://indexer.nearcatalog.org/wp-content/uploads/2024/08/DEXTools.jpg,"Dapp, Analytics, DEX",1724089216,mainnet,,
dex-screener,Dex Screener,Tracking and charting your favorite DEX in realtime.,https://indexer.nearcatalog.org/wp-content/uploads/2024/08/Dex-Screener.jpg,"Utilities, Analytics",1706515328,mainnet,,
moon-shot,Moon Shot,Crash Game on NEAR Protocol! Multiply your crypto instantly with the #1 cross chain crash game!,https://indexer.nearcatalog.org/wp-content/uploads/2024/08/Moon-Shot.jpg,"Dapp, Game, NFT",1706256165,mainnet,,
blocksec-2,BlockSec,Smart Contract & EVM Chain Audit | Boost Web3 through Next-Gen Security & Usability Innovations,https://indexer.nearcatalog.org/wp-content/uploads/2024/12/BlockSec.jpg,"Utilities, Audit, Security",1733408121,mainnet,,
auditone,AuditOne,Auditor aggregator platform,https://indexer.nearcatalog.org/wp-content/uploads/2024/12/AuditOne.jpg,"Utilities, Audit, Security",1733408122,mainnet,,
ottersec-2,OtterSec,Audits that protect blockchain ideas.,https://indexer.nearcatalog.org/wp-content/uploads/2024/12/OtterSec.jpg,"Utilities, Audit, Security",1733408123,mainnet,,
guvenkaya,Guvenkaya,"Guvenkaya is a security research firm specializing in Rust security, Web3 security of Rust-based protocols, and Web2 security",https://indexer.nearcatalog.org/wp-content/uploads/2024/12/Guvenkaya.jpg,"Utilities, Audit, Security",1733408120,mainnet,,
dune-analytics,Dune Analytics,"Query, visualize, share and export data across 26+ blockchains ‚Äî build together with Web3‚Äôs biggest data community",https://indexer.nearcatalog.org/wp-content/uploads/2024/10/Dune-Analytics.jpg,"Utilities, Analytics, Developer Tooling, Productivity Tool",1723339176,mainnet,,
publicai,PublicAI,"Every human contributes data to train AI, evaluate AI, and share revenues.",https://indexer.nearcatalog.org/wp-content/uploads/2024/11/PublicAI.jpg,"Infrastructure, AI",1727132041,still building,,
near-inscriptionneat,NEAT - Inscription on NEAR,Inscription on NEAR,https://indexer.nearcatalog.org/wp-content/uploads/2025/03/NEAT-Inscription-on-NEAR.jpg,"Infrastructure, Community",1723339183,inactive,,
sender-wallet,Sender AI,"AI Agents powering decentralized blockchain operations for Web3. 
 | Browser extension wallet built on NEAR.",https://indexer.nearcatalog.org/wp-content/uploads/2024/11/Sender-AI.jpg,"Infrastructure, AI, Wallet",1712649720,mainnet,29021,sender-wallet
flipeside,Flipside üìà,"Get paid to learn about protocols & chains, and level up to become a crypto-SQL superstar.",https://indexer.nearcatalog.org/wp-content/uploads/2025/05/Flipside-üìà.jpg,"Infrastructure, Analytics",1700812949,mainnet,59,flipside
near-protocol-rewards,NEAR Protocol Rewards SDK,"A transparent, metric-based rewards system for NEAR projects that directly ties incentives to development activity and user adoption.",https://indexer.nearcatalog.org/wp-content/uploads/2025/02/NEAR-Protocol-Rewards-SDK.jpg,"Utilities, Developer Tooling, Funding Node, Productivity Tool",1731279329,mainnet,,
rwa-xyz,RWA.xyz,"Every tokenized real-world asset, in one place. ",https://indexer.nearcatalog.org/wp-content/uploads/2024/11/RWA.xyz.jpg,"Dapp, RWA",1726011478,mainnet,,
indexer-xyz,Indexer.xyz,Cross-chain NFT indexing and API infrastructure.,https://indexer.nearcatalog.org/wp-content/uploads/nearcatalog/indexer-xyz.jpg,"Infrastructure, Developer Tooling, Explorer, Indexer, NFT",1700812953,mainnet,,
near-devhub,NEAR DevHub,"DevHub brings together individuals, projects, and organizations to build a decentralized NEAR developer ecosystem. We provide social structure and tools to fuel innovation, collaboration, and community within the NEAR ecosystem.",https://indexer.nearcatalog.org/wp-content/uploads/nearcatalog/near-devhub.png,"Ecosystem Support, Community, Developer Support, Funding Node",1702637278,mainnet,796,near-dev-hub
dai-by-makerdao-2,DAI by MakerDAO,Dai is a stablecoin issued by Maker Protocol,https://indexer.nearcatalog.org/wp-content/uploads/2024/08/DAI-by-MakerDAO.jpg,"Utilities, Stablecoin",1724089213,mainnet,,
near-faucet,NEAR faucet,NEAR Faucet - testnet NEAR faucet,https://indexer.nearcatalog.org/wp-content/uploads/2024/11/NEAR-faucet.jpg,"Utilities, Developer Support, Developer Tooling, Productivity Tool",1727347703,testnet,,
seda,Seda,"The Modular Data Layer | SEDA is a new standard for modular data transport. Any data type, for all networks",https://indexer.nearcatalog.org/wp-content/uploads/2024/08/Seda.jpg,"Infrastructure, Developer Tooling",1723339176,mainnet,,
near-horizon,NEAR Horizon,"An early stage accelerator empowering Web3 founders to build, connect, and grow",https://indexer.nearcatalog.org/wp-content/uploads/2024/08/NEAR-Horizon.jpg,"Ecosystem Support, Accelerator, BOS",1723339236,mainnet,,
questflow,Questflow,"The orchestration layer for the multi-agent economy.
Orchestrate multiple AI agents to take action on autopilot & dispatch real-world incentives on-chain.",https://indexer.nearcatalog.org/wp-content/uploads/2024/11/Questflow.jpg,"Dapp, AI",1726330724,mainnet,,
rss3-2,RSS3 üü¶,"The Open Information Layer - An Environment for (truly) Open AI, Open Search, and Open Social. Building for #openinformation & #openweb",https://indexer.nearcatalog.org/wp-content/uploads/2024/08/RSS3-üü¶.jpg,"Infrastructure, AI, Data Availability",1724090128,mainnet,,
wormhole,Wormhole,Interoperability protocol powering the seamless transfer of value and information across 12 high value chains.,https://indexer.nearcatalog.org/wp-content/uploads/2025/01/Wormhole.jpg,Utilities,1700812949,mainnet,,
request-finance,Request Finance,"Crypto invoicing & bill payment, Crypto payroll & expenses.",https://indexer.nearcatalog.org/wp-content/uploads/nearcatalog/request-finance.jpg,"Utilities, Payment",1700812953,mainnet,,
near-tinker-union,NEAR Tinker Union,"A union of 3,333 tinkers has formed to tink extraordinary things for the growing ecosystem ",https://indexer.nearcatalog.org/wp-content/uploads/2024/08/NEAR-Tinker-Union.jpg,"Dapp, NFT",1723339237,mainnet,,
near-blocks,Near Blocks,NEAR Blocks is the leading blockchain explorer dedicated to the NEAR ecosystem.,https://indexer.nearcatalog.org/wp-content/uploads/2024/11/Near-Blocks.jpg,"Infrastructure, Analytics, Developer Tooling, Explorer, Indexer, Service Provider",1700812945,mainnet,5827,nearblocks
dapdap,DapDap,Your Universal Gateway into Ethereum L2s.,https://indexer.nearcatalog.org/wp-content/uploads/2025/01/DapDap.jpg,"Dapp, EVM, BOS, DeFi",1723339236,mainnet,,
ringfence,Ringfence,"The data monetization protocol for AI, enabling users to collect, protect, and sell their data for the training of AI models and AI agents.",https://indexer.nearcatalog.org/wp-content/uploads/2024/10/Ringfence.jpg,"Infrastructure, AI, Data Availability",1719744188,still building,,
lnc-watch-bot,LNC Watch Bot,Learn how to use and build on NEAR and Earn NEAR. ,https://indexer.nearcatalog.org/wp-content/uploads/2024/10/LNC-Watch-Bot.jpg,"Utilities, Analytics, Bot",1723339240,mainnet,,
trisolaris,TriSolaris,"Trisolaris is #1 Dex on the Aurora engine, an EVM compatible blockchain running in the near ecosystem. ",https://indexer.nearcatalog.org/wp-content/uploads/2025/01/TriSolaris.jpg,"Dapp, Aurora, DeFi, DEX",1700812920,mainnet,,
forefront-tak,Forefront Tak,"Providing Near Blockchain analytics with open and free dashboards, BOS components, and insights.",https://indexer.nearcatalog.org/wp-content/uploads/2024/08/Forefront-Tak.jpg,"Infrastructure, Analytics",1723339234,mainnet,,
ncaptcha,nCaptcha,web3 way to fight spam,https://indexer.nearcatalog.org/wp-content/uploads/2024/08/nCaptcha.jpg,"Utilities, Productivity Tool",1723339190,mainnet,,
backdrop-build-2,Backdrop Build,"Powering builder energy ‚ö°Ô∏è Where builders shape the frontier of tech, together.",https://indexer.nearcatalog.org/wp-content/uploads/2024/08/Backdrop-Build.jpg,"Ecosystem Support, Developer Support",1724089214,mainnet,,
aaxxii,AAXXII,"AAXXII is your digital finance partner for scaling, funding, and expert advice in both traditional and token economies, raising ¬£250k to ¬£20m.",https://indexer.nearcatalog.org/wp-content/uploads/2024/08/AAXXII.jpg,"Ecosystem Support, Accelerator",1723339178,mainnet,,
hito-wallet,Hito Wallet,Sleek easy-to-use open source wallet.,https://indexer.nearcatalog.org/wp-content/uploads/2025/01/Hito-Wallet.jpg,"Infrastructure, Wallet",1723339177,mainnet,,
rabby-wallet-2,Rabby Wallet,The game-changing wallet for Ethereum and all EVM chains.,https://indexer.nearcatalog.org/wp-content/uploads/2025/01/Rabby-Wallet.jpg,"Infrastructure, EVM, Wallet",1723339177,mainnet,,
sharddog,ShardDog,Connecting KeyPom to REST APIs on NEAR.,https://indexer.nearcatalog.org/wp-content/uploads/nearcatalog/sharddog.jpg,"Dapp, NFT",1700812969,mainnet,0,sharddog
potlock,POTLOCK,PotLock is bringing public goods funding legos to NEAR‚Äîdirect donations & on-chain referrals built on Web3 social.,https://indexer.nearcatalog.org/wp-content/uploads/2025/07/POTLOCK.jpg,"Dapp, Funding Node",1702637278,mainnet,0,potlock
dappradar,Dappradar,"The World's Dapp Store, home of $RADAR & the most trusted source for exploring dapp data.",https://indexer.nearcatalog.org/wp-content/uploads/nearcatalog/dappradar.jpg,"Utilities, Analytics",1700812953,mainnet,,
rubic,Rubic,Multi-Chain Swap Protocol.,https://indexer.nearcatalog.org/wp-content/uploads/2024/12/Rubic.jpg,"Dapp, Bridge, DeFi",1723339174,mainnet,,
cosmose,Cosmose,"AI-Powered Shopping, Unlock Seamless Experiences ",https://indexer.nearcatalog.org/wp-content/uploads/2024/10/Cosmose.jpg,"Dapp, AI, Loyalty",1717366495,mainnet,0,kai-ching
artemis,Artemis,"Artemis, comprising experts from firms like Ribbit, Venmo, and Blackrock, provides institutional-grade on-chain metrics, transforming blockchain data into clear insights to help anyone understand market dynamics.",https://indexer.nearcatalog.org/wp-content/uploads/nearcatalog/artemis.jpg,"Utilities, Analytics",1700812957,mainnet,,
lava-network,Lava Network,"Lava is a modular data network giving developers scalable access to any rollup or blockchain. Build whatever, wherever.",https://indexer.nearcatalog.org/wp-content/uploads/2024/11/Lava-Network.jpg,"Infrastructure, Indexer, RPC, Validator",1708047423,mainnet,0,lava
usdt,USDT,"Cryptocurrency stablecoin, launched by the company Tether Limited Inc",http://indexer.nearcatalog.org/wp-content/uploads/nearcatalog/usdt.png,"Dapp, DeFi, Stablecoin",1718091012,mainnet,,
usdc,USDC,"USDC Stablecoin, Payments & Treasury Infrastructure.",https://indexer.nearcatalog.org/wp-content/uploads/nearcatalog/circle-usdc.png,"Dapp, DeFi, Stablecoin",1718088207,mainnet,,
near-scope-2,NEAR Scope,"Monitor account balances, staking rewards, validator uptime, and many more",https://indexer.nearcatalog.org/wp-content/uploads/2024/08/NEAR-Scope.jpg,"Utilities, Analytics, Asset Management",1724088419,mainnet,,
defishards,DeFiShards,Empowering People By Enabling True Ownership. Your one stop DeFi x NFT platform.,https://indexer.nearcatalog.org/wp-content/uploads/2025/04/DeFiShards.jpg,"Dapp, DeFi, NFT",1706351809,mainnet,,
banyan-collective,Banyan Collective - NEAR US,Scaling NEAR Protocol in the United States,https://indexer.nearcatalog.org/wp-content/uploads/nearcatalog/banyan-collective.jpg,"Ecosystem Support, Community, Regional Hub",1700812949,mainnet,,
phoenix-bonds,Phoenix Bonds,A novel bonding mechanism built on LiNEAR Protocol.,https://indexer.nearcatalog.org/wp-content/uploads/2024/08/Phoenix-Bonds.jpg,"Dapp, DeFi, Liquid Staking, Validator",1700812961,mainnet,,
playember,PlayEmber,"At PlayEmber, we transform ideas into hit games, leveraging our expertise and 100 million downloads to add Play & Earn features through Ember Coin and offer F2P game studios the technology to join our ecosystem.",https://indexer.nearcatalog.org/wp-content/uploads/nearcatalog/playember.jpg,"Dapp, Game, Mobile",1700812928,mainnet,0,playember
nearkat,Nearkat,Nearkat is a fan-meme based on NEAR's original Mascot,https://indexer.nearcatalog.org/wp-content/uploads/2025/01/Nearkat.jpg,"Other, Community, Memecoin",1727795436,mainnet,,
near-vietnam-hub,NEAR Vietnam Hub,NEAR Vietnam Regional Hub.,https://indexer.nearcatalog.org/wp-content/uploads/nearcatalog/near-vietnam-hub.jpg,"Ecosystem Support, Community, Regional Hub",1700812961,mainnet,799,near-vietnam-hub
shillgpt,ShillGPT,"If you can shill your favorite meme coin to AI, then you can shill it to the entire universe",https://indexer.nearcatalog.org/wp-content/uploads/2024/10/ShillGPT.jpg,"Dapp, AI, BOS, DeFi",1709636196,mainnet,,
meson,Meson,"Meson is the faster and safer way to execute low-cost, zero-slippage  cross-chain swaps",https://indexer.nearcatalog.org/wp-content/uploads/2025/01/Meson.jpg,"Infrastructure, EVM, Aurora, Bridge",1717064703,mainnet,,
nevermined,Nevermined,Creating the Payment Infrastructure for AI-commerce,https://indexer.nearcatalog.org/wp-content/uploads/2024/11/Nevermined.jpg,"Infrastructure, AI, Payment",1719743529,still building,,
nillion,Nillion,Humanity's first blind computer.,https://indexer.nearcatalog.org/wp-content/uploads/2024/11/Nillion.jpg,"Infrastructure, AI",1719743806,still building,,
pond,Pond,Crypto's Graph Neural Network.,https://indexer.nearcatalog.org/wp-content/uploads/2024/11/Pond.jpg,"Infrastructure, AI",1719744046,still building,,
mizu,MIZU,"MIZU is the very first synthetic open data layer. Our mission is to build an open, collaborative, and permission-less data ecosystem. #ai #web3 #opensourcedata",https://indexer.nearcatalog.org/wp-content/uploads/2024/11/MIZU.jpg,"Infrastructure, AI",1719743300,still building,,
drpc,DRPC,Decentralized RPC node provider for mutiple chains.,https://indexer.nearcatalog.org/wp-content/uploads/2024/08/dRPC.jpg,"Infrastructure, RPC",1723851777,mainnet,,
transak-5,Transak,Enable users to buy or sell crypto from your app.,https://indexer.nearcatalog.org/wp-content/uploads/2024/08/TransFi.jpg,"Utilities, On/Off-Ramp, Payment",1723851764,mainnet,,
blunt-dao,Blunt DAO,"Unlimited sesh fund, throw down starting 4/20 üí®. BluntDAO is the biggest IRL onboarding movement in Web3, get validated  by an OG NEAR you. On $SOL $NEAR $BASE",https://indexer.nearcatalog.org/wp-content/uploads/2024/11/Blunt-DAO.jpg,"Dapp, Ecosystem Support, DAO",1725812436,mainnet,,
moonpay,MoonPay,Growing the crypto economy.,https://indexer.nearcatalog.org/wp-content/uploads/2024/08/MoonPay.jpg,"Infrastructure, Payment",1723851659,mainnet,,
zokshpay,ZokshPay,"Zoksh is a plug-and-play solution for all businesses. Accept payments anytime, anywhere, in any currency, Fiat or Crypto",http://indexer.nearcatalog.org/wp-content/uploads/nearcatalog/zokshpay.jpg,"Infrastructure, Payment",1723836870,mainnet,,
nearzombies-2,NearZombies,Earn while learning.,https://indexer.nearcatalog.org/wp-content/uploads/2024/08/NearZombies.jpg,"Dapp, Education",1723741294,inactive,,
nepbot-2,NepBot,Build your NEP token-gated communities on Discord.,https://indexer.nearcatalog.org/wp-content/uploads/2024/10/NepBot.jpg,"Dapp, Bot, Community, Social",1723677772,inactive,,
pixel-tokens,Pixel Tokens,"Cryptoheroes is a blockchain game where players engage in PvE looting, trading, and forging items, battling bosses to earn PXT, with dangerous dungeons, epic raids, and weekly rewards for top performers, alongside marketplace and item improvement features.",https://indexer.nearcatalog.org/wp-content/uploads/2024/08/Pixel-Tokens.jpg,"Dapp, Game",1723677759,inactive,,
raen-2,RAEN,"RAEN makes working with the NEAR blockchain more fun, collaborative, and powerful.",https://indexer.nearcatalog.org/wp-content/uploads/2024/11/RAEN.jpg,"Utilities, Developer Support, Developer Tooling",1724235370,mainnet,,
popula-2,Popula,Web3 platform for the Community Economy.,https://indexer.nearcatalog.org/wp-content/uploads/2025/03/Popula.jpg,"Dapp, Community, Developer Tooling, Social",1723677743,inactive,,
blockchain-com,Blockchain.com,"Pioneering key infrastructure for the Bitcoin community with an explorer, API, and popular crypto wallet, driving global adoption and empowering customers in the future of finance.",https://indexer.nearcatalog.org/wp-content/uploads/2025/02/Blockchain.com.jpg,"Other, CEX",1723339240,mainnet,,
dropwallet,DropWallet,Make blockchain transactions directly from telegram for free.,https://indexer.nearcatalog.org/wp-content/uploads/2025/01/DropWallet.jpg,"Infrastructure, Wallet",1723339240,inactive,,
seracle,Seracle,Truly decentralizing L1 & L2 chain's node infrastructure with DePIN & Tokenization,https://indexer.nearcatalog.org/wp-content/uploads/2024/08/Seracle.jpg,"Infrastructure, RPC",1723339239,mainnet,,
south-pole,South Pole,"With the expertise of +1,200 team members across six continents, we work with leading organizations to achieve a low-carbon reality.",https://indexer.nearcatalog.org/wp-content/uploads/2024/08/South-Pole.jpg,"Dapp, RWA",1723339239,inactive,,
ecvm,The Earth Change Vending Machine,The Earth Change Vending Machine **(ECVM**) is a (for now fictional) mechanical device which sells a metallic form of money and prints legally-binding paper agreements to help users buy and govern the land and work required to produce all the goods and services they need.,https://ipfs.near.social/ipfs/bafkreiarm4mmyg7vin3ckt7twlqxbzibld4ss2ki4z3vmpktdamuupvkxq,"Dapp, BOS, RWA",1715637217,,,
collab-land,Collab.land,"Collab.Land empowers developers with its Discord bot for deploying miniapps and APIs for custom functionalities like website token gating, enhancing project reach and functionality with easy integration and extensive resources.",https://indexer.nearcatalog.org/wp-content/uploads/2024/08/Collab.land.jpg,"Ecosystem Support, Security",1723339239,mainnet,,
bybit,Bybit,The most reliable cryptocurrency exchange.,https://indexer.nearcatalog.org/wp-content/uploads/2025/02/Bybit.jpg,"Other, CEX",1723339239,mainnet,,
pionex,Pionex,"Leading crypto exchange with AI trading bot
",https://indexer.nearcatalog.org/wp-content/uploads/2024/08/Pionex.jpg,"Infrastructure, On/Off-Ramp",1723339239,mainnet,,
bitget,Bitget,Bitget offers a comprehensive trading experience with 500+ spot trading pairs. ,https://indexer.nearcatalog.org/wp-content/uploads/2025/01/Bitget.jpg,"Infrastructure, Wallet",1723339239,mainnet,,
outlier-ventures,Outlier Ventures,We are the worlds number 1 web3 accelerator by volume of investment,https://indexer.nearcatalog.org/wp-content/uploads/2025/02/Outlier-Ventures.jpg,"Ecosystem Support, Accelerator, Funding Node",1723339239,mainnet,,
encode-club,Encode Club,"Learn, build and advance your career in emerging tech",https://indexer.nearcatalog.org/wp-content/uploads/2024/08/Encode-Club.jpg,"Ecosystem Support, Community, Developer Support, Education",1723339238,mainnet,,
databricks,Databricks,"Your Data, your AI your Future, Own them all",https://indexer.nearcatalog.org/wp-content/uploads/2024/12/Databricks.jpg,"Ecosystem Support, AI, Developer Tooling",1723339238,mainnet,,
mirae-asset,Mirae Asset,Providing innovative investment solutions to clients worldwide,https://indexer.nearcatalog.org/wp-content/uploads/2024/08/Mirae-Asset.jpg,"Ecosystem Support, DeFi",1723339238,mainnet,,
swissborg,Swissborg,"SwissBorg is democratising wealth management by making it fun, fair, and community-centric. ",https://indexer.nearcatalog.org/wp-content/uploads/2024/08/Swissborg.jpg,"Utilities, On/Off-Ramp",1723339237,mainnet,,
bitstamp,Bitstamp,Bitstamp is pioneering a crypto exchange trusted by millions for secure trading and top-notch service since 2011.,https://indexer.nearcatalog.org/wp-content/uploads/2025/02/Bitstamp.jpg,"Other, CEX",1723339237,mainnet,,
now-wallet,NOW Wallet,Non-custodial crypto wallet,https://walletnow.app/images/logo.svg,"Other, CEX, Wallet",1736806042,,,
btse,BTSE,"Leading digital asset exchange, trusted by institutions, retail users, and first-time traders, offering innovative trading technologies and white label solutions.",https://indexer.nearcatalog.org/wp-content/uploads/2025/02/BTSE.jpg,"Other, CEX",1723339237,mainnet,,
okx,OKX,Trade Crypto like  Pro,https://indexer.nearcatalog.org/wp-content/uploads/2025/02/OKX.jpg,"Other, CEX",1723339237,mainnet,,
token-farm,Shitzu Token Farm,Create tokens on NEAR Protocol.,https://indexer.nearcatalog.org/wp-content/uploads/2025/03/Shitzu-Token-Farm.jpg,"Infrastructure, Developer Tooling",1723339234,mainnet,,
poloniex,Poloniex,The legendary crypto exchange since 2014,https://indexer.nearcatalog.org/wp-content/uploads/2025/02/Poloniex.jpg,"Other, CEX",1723339237,mainnet,,
defi-builder,DeFi Builder,"DeFi Builder is the first no-code Web3 dApp Builder, allowing anyone to launch a DeFi Application with 0 coding experience.",https://indexer.nearcatalog.org/wp-content/uploads/2024/08/DeFi-Builder.jpg,"Utilities, Developer Tooling",1723339237,mainnet,,
nodereal,Node Real RPC,"One-Stop Blockchain Infra Provider. Supporting NEAR,  BNBChain, ETH, Aptos, Polygon, Optimism, Arbitrum, Avalanche ",https://indexer.nearcatalog.org/wp-content/uploads/2025/05/Node-Real-RPC.jpg,"Infrastructure, RPC",1723339236,mainnet,,
opencann,opencann,Accelerating development of cannabis based therapeutics.,https://indexer.nearcatalog.org/wp-content/uploads/2024/08/opencann.jpg,"Dapp, Community, DeSci",1723339236,mainnet,,
nansen-portfolio-2,Nansen Portfolio,Track all your DeFi holdings in a single dashboard across 40+ chains.,https://indexer.nearcatalog.org/wp-content/uploads/2024/08/Nansen-Portfolio.jpg,"Utilities, Asset Management",1723339236,mainnet,,
mexc,MEXC,"Centralized crypto exchange that provides access to spot, margin and futures trading.",https://indexer.nearcatalog.org/wp-content/uploads/2025/02/MEXC.jpg,"Other, CEX",1723339236,mainnet,,
pixudi,Pixudi,Pixudi is an NFT based blockchain project where a traditional race board game meets Heroes of Magic mechanics.,https://indexer.nearcatalog.org/wp-content/uploads/2024/08/Pixudi.jpg,"Dapp, Game, NFT",1723339235,mainnet,,
plato-protocol,Plato Protocol,"Plato revolutionizes the food economy with Eat2Earn, rewarding verified (by receipts) food reviews to drive restaurant traffic!",https://indexer.nearcatalog.org/wp-content/uploads/2024/10/Plato-Protocol.jpg,"Dapp, Community, RWA",1723339238,mainnet,,
bitmart,BitMart,"A global trading platform offering spot, futures, and OTC trading with robust security and unmatched market depth, aiming to be the world's largest liquidity provider for digital assets.",https://indexer.nearcatalog.org/wp-content/uploads/2025/02/BitMart.jpg,"Other, CEX",1723339235,mainnet,,
ottersec,Ottersec,OtterSec is a blockchain cybersecurity firm focused on identifying and remediating critical vulnerabilities,https://indexer.nearcatalog.org/wp-content/uploads/2024/08/Ottersec.jpg,"Ecosystem Support, Security",1723339235,mainnet,,
ankr,Ankr,"Ankr, the leading Web3 infrastructure company, offers products for building, earning, gaming, and more on blockchain.",https://indexer.nearcatalog.org/wp-content/uploads/2025/01/Ankr.jpg,"Infrastructure, RPC, Validator",1723339235,mainnet,,
remitano,Remitano,"We bring the seamless crypto trading experience to you by providing simple interface, fast transaction processing and 24/7 online support.",https://indexer.nearcatalog.org/wp-content/uploads/2025/02/Remitano.jpg,"Other, CEX",1723339235,mainnet,,
google-cloud,Google Cloud,"A suite of cloud computing services offering modular solutions including computing, data storage, analytics, and machine learning, complemented by management tools.",https://indexer.nearcatalog.org/wp-content/uploads/2024/08/Google-Cloud.jpg,"Utilities, Developer Tooling",1723339235,mainnet,,
cypherock-wallet,Cypherock Wallet,Cypherock X1 is the World's safest hardware wallet with no seed phrase vulnerability,https://indexer.nearcatalog.org/wp-content/uploads/2025/01/Cypherock-Wallet.jpg,"Infrastructure, EVM, Wallet",1723339235,mainnet,,
coinex,CoinEx,"CoinEx, a trusted global cryptocurrency exchange, offers trading for over 900 coins including Bitcoin, Ethereum, Renzo, Tether USDT, WorldCoin, Solana, ORDI, SATS, and Avalanche, simplifying crypto trading for users worldwide.",https://indexer.nearcatalog.org/wp-content/uploads/2024/08/CoinEx.jpg,"Other, CEX",1723339235,mainnet,,
ramper,Ramper,A go-to digital wallet for easy access to Web3 with no required difficult seed phrases or private keys.,https://indexer.nearcatalog.org/wp-content/uploads/2024/08/Ramper.jpg,"Utilities, On/Off-Ramp, Payment",1723339234,mainnet,,
nym,Nym,The next generation of privacy infrastructure.,https://indexer.nearcatalog.org/wp-content/uploads/2024/08/Nym.jpg,"Infrastructure, Privacy",1723339234,mainnet,,
notifi-network,Notifi Network,Building the future of web3 communications and growth marketing tools,https://indexer.nearcatalog.org/wp-content/uploads/2024/08/Notifi-Network.jpg,"Utilities, Developer Tooling",1723339234,mainnet,,
1rpc-2,1RPC,Secure your blockchain interactions with zero-tracking and avoid metadata leakage.,https://indexer.nearcatalog.org/wp-content/uploads/2024/08/1RPC.jpg,"Infrastructure, RPC",1723339234,mainnet,,
guarda,Guarda,"Guarda Wallet offers a secure and user-friendly platform for managing cryptocurrencies, tokens in a non-custodial manner.",https://indexer.nearcatalog.org/wp-content/uploads/2025/01/Guarda.jpg,"Infrastructure, Wallet",1723339190,mainnet,,
bitvavo,Bitvavo,"A user-friendly and reliable trading platform with a wide variety of digital assets to buy, sell, and store.",https://indexer.nearcatalog.org/wp-content/uploads/2025/02/Bitvavo.jpg,"Other, CEX",1723339190,mainnet,,
bitfinex,Bitfinex,"A leading digital asset trading platform since 2012, offering advanced trading features, peer-to-peer financing, OTC markets, and margin trading for professional traders and global liquidity providers.",https://indexer.nearcatalog.org/wp-content/uploads/2025/02/Bitfinex.jpg,"Other, CEX",1723339190,mainnet,,
htx,HTX,"HTX, established in China in 2013, is a global digital asset exchange operating in over 100 countries with a daily trading volume surpassing $4 billion.",https://indexer.nearcatalog.org/wp-content/uploads/2025/02/HTX.jpg,"Other, CEX",1723339190,mainnet,,
safepal-2,SafePal,"The Only Wallet with Hardware, Mobile, Extension & Backed by Binance.",https://indexer.nearcatalog.org/wp-content/uploads/2025/01/SafePal.jpg,"Infrastructure, Wallet",1723339190,mainnet,,
kraken,Kraken,"Kraken is your bridge to the world of crypto. Spot, Futures, Margin, NFTs, Staking & OTC.",https://indexer.nearcatalog.org/wp-content/uploads/2025/02/Kraken.jpg,"Other, CEX",1723339189,mainnet,,
near-africa,Near Africa,Bring NEAR collaboration with Africa community ,https://indexer.nearcatalog.org/wp-content/uploads/2024/08/Near-Africa.jpg,"Ecosystem Support, Community",1723339189,mainnet,,
nearchan-2,NEARchan,Bring NEARchan to life with community input and artist commissions.,https://indexer.nearcatalog.org/wp-content/uploads/2024/08/NEARchan.jpg,"Dapp, Community, NFT",1723339189,mainnet,,
okx-wallet-2,OKX Wallet,Your portal to Web3 Crypto wallet.,https://indexer.nearcatalog.org/wp-content/uploads/2025/01/OKX-Wallet.jpg,"Infrastructure, Wallet",1723339189,mainnet,,
jump-defi-2,Jump DeFi,The first one-stop decentralized finance platform on NEAR.,https://indexer.nearcatalog.org/wp-content/uploads/2025/02/Jump-DeFi.jpg,"Dapp, DEX, Launchpad",1723339189,mainnet,,
immunefi,Immunefi,The leading bug bounty platform for blockchain with the world's largest bug bounties.,https://indexer.nearcatalog.org/wp-content/uploads/2024/08/Immunefi.jpg,"Ecosystem Support, Bounty",1723339183,mainnet,,
alibaba-cloud,Alibaba Cloud,Alibaba Cloud provides reliable and secure cloud computing and data processing capabilities as a part of its online solutions.,https://indexer.nearcatalog.org/wp-content/uploads/2024/08/Alibaba-Cloud.jpg,"Ecosystem Support, Service Provider",1723339183,mainnet,,
crypto-com,Crypto.com,"Crypto.com, trusted by over 80 million customers worldwide, leads in regulatory compliance and security, striving for cryptocurrency adoption through innovation, with a vision of Cryptocurrency in every wallet, fostering a fairer digital ecosystem.",https://indexer.nearcatalog.org/wp-content/uploads/2025/02/Crypto.com.jpg,"Other, CEX",1723339183,mainnet,,
relayz,Relayz,Hyper-Secure Communications for Web3 with Quantum Resistant End-to-End Encryption and Decentralized Identity (DID).,https://indexer.nearcatalog.org/wp-content/uploads/2024/08/Relayz.jpg,"Dapp, Productivity Tool",1723339183,inactive,,
near-academy,NEAR Academy,Free Interactive course for Web2 developers to fast entry into the NEAR.,https://indexer.nearcatalog.org/wp-content/uploads/2025/02/NEAR-Academy.jpg,"Other, Developer Support, Education",1723339179,inactive,,
lyrik-ventures,Lyrik Ventures,"Backing Early Stage NEAR Ecosystem Projects, Protocols, Startups, and dApps.",https://indexer.nearcatalog.org/wp-content/uploads/2024/08/Lyrik-Ventures.jpg,"Ecosystem Support, Funding Node",1723339179,mainnet,,
ample,Ample Protocol,"Ample ($AMPLE) is a revolutionary Intellectual Property Protocol designed to enhance IP distribution and monetization through cross-chain integration, decentralized liquidity, and multi-platform access, transforming traditional IP markets.",https://indexer.nearcatalog.org/wp-content/uploads/2025/03/Ample-Protocol.jpg,"Dapp, Marketplace, Music",1723339178,mainnet,,
bungee,Bungee,"Seamlessly transfers assets across chains, unifying liquidity and optimizing swaps through advanced routing.",https://indexer.nearcatalog.org/wp-content/uploads/2024/08/Bungee.jpg,"Infrastructure, Bridge",1723339178,mainnet,,
scamfari,Scamfari,Uncover Fraud and Get Rewarded,https://indexer.nearcatalog.org/wp-content/uploads/2024/08/Scamfari.jpg,"Ecosystem Support, Security",1723339178,mainnet,,
synapse-protocol,Synapse Protocol,Cross chain bridge,https://indexer.nearcatalog.org/wp-content/uploads/2025/01/Synapse-Protocol.jpg,"Infrastructure, EVM, Aurora, Bridge",1723339178,mainnet,,
blockpi,BlockPi,Solving the RPC requests congestion problem with infinite scalability.,https://indexer.nearcatalog.org/wp-content/uploads/2024/08/BlockPi.jpg,"Infrastructure, RPC",1723339178,mainnet,,
binance,Binance,"Leading blockchain infrastructure provider and largest digital asset exchange, empowering millions with a diverse portfolio of crypto products and services.",https://indexer.nearcatalog.org/wp-content/uploads/2025/02/Binance.jpg,"Other, CEX",1723339178,mainnet,,
activelink,Activelink,"Activelink specializes in constructing decentralized commerce spaces for corporations, organizations, and creators, facilitating independent digital economies powered by experiential content and digital assets, with subscription-based hosting and transaction fees.",https://indexer.nearcatalog.org/wp-content/uploads/2024/08/Activelink.jpg,"Ecosystem Support, Service Provider",1723339178,mainnet,,
dia,DIA,Customizable Oracle for Web3,https://indexer.nearcatalog.org/wp-content/uploads/2024/08/DIA.jpg,"Infrastructure, Developer Tooling",1723339177,mainnet,,
dev3,Dev3,"Open source framework, enabling Web2 developers to easily build EVM powered applications on 10+ blockchain networks.",https://indexer.nearcatalog.org/wp-content/uploads/2025/01/Dev3.jpg,"Utilities, EVM, Developer Tooling",1723339177,mainnet,,
coinstats,CoinStats,"CoinStats offers a comprehensive platform for tracking and managing crypto, DeFi, and NFTs, with integrated buying, swapping, and earning functionalities.",https://indexer.nearcatalog.org/wp-content/uploads/2025/01/CoinStats.jpg,"Utilities, EVM, Asset Management, Aurora",1723339177,mainnet,,
aurora-2,Aurora+,New membership program for Aurora.,https://indexer.nearcatalog.org/wp-content/uploads/2024/08/Aurora.jpg,"Infrastructure, Aurora",1723339177,mainnet,,
cookbook,Cookbook,"The smart contract hub where you find, deploy, and collaborate on EVM contracts with audits, documentation, and usage, all managed from a user-friendly interface.",https://indexer.nearcatalog.org/wp-content/uploads/2024/08/Cookbook.jpg,"Utilities, Developer Tooling",1723339177,mainnet,,
pad-fi-ex-nearpad,Pad.fi (ex-NearPad),DEX and Launchpad on Near and Aurora,https://indexer.nearcatalog.org/wp-content/uploads/2024/08/Pad.fi-ex-NearPad.jpg,"Dapp, Launchpad",1723339177,inactive,,
fractal-2,Fractal,Empowering and incentivizing users & businesses to exchange data in a privacy-preserving way.,https://indexer.nearcatalog.org/wp-content/uploads/2024/08/Fractal.jpg,"Ecosystem Support, Compliance, Security, Zero Knowledge",1723339176,mainnet,,
aurora-community-tip-bot,Aurora Community Tip bot,Aurora tipbot on telegram.,https://indexer.nearcatalog.org/wp-content/uploads/2024/10/Aurora-Community-Tip-bot.jpg,"Utilities, Bot, Community, Payment",1723339176,mainnet,,
chainge,Chainge,Find. Bridge. Store. Swap. ,https://indexer.nearcatalog.org/wp-content/uploads/2025/01/Chainge.jpg,"Infrastructure, EVM, Aurora, Bridge, Cross-chain",1723339176,mainnet,,
talentum-2,Talentum,"Web3 platform for connecting talents and startups, helping them achieve high performance by providing tools for transparent and efficient workflows.",https://indexer.nearcatalog.org/wp-content/uploads/2024/08/Talentum.jpg,"Ecosystem Support, Community, Social",1723339176,mainnet,,
nada-bot,nada.bot,Sybil contract aggregator on NEAR built on NEAR powered by potlock.,https://indexer.nearcatalog.org/wp-content/uploads/2024/10/nada.bot.jpg,"Ecosystem Support, Bot, Security",1723339176,mainnet,,
rocket-x,Rocket X,"The Mega DEX, Swap any token, to any chain, ultra-fast, always at the absolute best price. Over 150 chains integrated!",https://indexer.nearcatalog.org/wp-content/uploads/2025/02/Rocket-X.jpg,"Other, Bridge, CEX, DEX",1723339176,mainnet,,
forward-protocol,Forward Protocol,Forward Protocol provides blockchain toolkits that connect the value-driven economy. ,https://indexer.nearcatalog.org/wp-content/uploads/2024/08/Forward-Protocol.jpg,"Utilities, Developer Tooling",1723339176,mainnet,,
1inch,1inch,One-stop access to decentralized finance,https://indexer.nearcatalog.org/wp-content/uploads/2025/01/1inch.jpg,"Dapp, EVM, Aurora, DeFi",1723339176,mainnet,,
chainport,Chainport,"ChainPort is a unique blockchain bridge with a security-focused architecture. With ChainPort, anyone can port tokens to other blockchains safely and efficiently.",https://indexer.nearcatalog.org/wp-content/uploads/2024/08/Chainport.jpg,"Infrastructure, Bridge",1723339176,mainnet,,
coinbase,Coinbase,The most trusted crypto exchange.,https://indexer.nearcatalog.org/wp-content/uploads/2025/02/Coinbase.jpg,"Other, CEX",1723339175,mainnet,,
nownodes,NOWNodes,Instant access to 65+ RPC nodes for all your Web3 development needs. Get an API key and start building!,https://indexer.nearcatalog.org/wp-content/uploads/2024/08/NOWNodes.jpg,"Infrastructure, Developer Tooling, RPC",1723339175,mainnet,,
saasgo,SaasGo,Web3 SaaS Platform,https://indexer.nearcatalog.org/wp-content/uploads/2024/08/SaasGo.jpg,"Infrastructure, Developer Tooling",1723339175,mainnet,,
gate-io,Gate.io,"Trade over 1,700 cryptocurrencies safely, quickly, and easily.",https://indexer.nearcatalog.org/wp-content/uploads/2025/02/Gate.io.jpg,"Other, CEX",1723339175,mainnet,,
hot-cross,Hot Cross,A Multi-Chain Infra & Web3 Playground,https://indexer.nearcatalog.org/wp-content/uploads/2024/08/Hot-Cross.jpg,"Utilities, Developer Tooling",1723339175,inactive,,
chainspot-x-asterizm,Chainspot x Asterizm,Activate your liquidity in 13 chains with a single transaction,https://indexer.nearcatalog.org/wp-content/uploads/2024/12/Chainspot-x-Asterizm.jpg,"Infrastructure, Aurora, Bridge",1723339175,mainnet,,
mises-browser,Mises Browser,"The world‚Äôs first fast, secure and  extension-supported   mobile Web3 browser",https://indexer.nearcatalog.org/wp-content/uploads/2025/01/Mises-Browser.jpg,"Infrastructure, EVM, Wallet",1723339175,mainnet,,
obvious,Obvious,"We are building on blockchain to provide easy access of money to anyone, anywhere, anytime. Blockchain is permissionless, fast and secure.",https://indexer.nearcatalog.org/wp-content/uploads/2025/01/Obvious.jpg,"Infrastructure, EVM, Wallet",1723339175,mainnet,,
onramper,OnRamper,Build brilliant fiat to crypto onramp experiences,https://indexer.nearcatalog.org/wp-content/uploads/2024/08/OnRamper.jpg,"Infrastructure, Payment",1723339175,mainnet,,
gas-zip,Gas.zip,"Fastest one-stop gas refuel bridge for over 160+ chains, LayerZero Gas Reloader ",https://indexer.nearcatalog.org/wp-content/uploads/2024/08/Gas.zip.jpg,"Utilities, Developer Tooling",1723339175,mainnet,,
li-fi,Li.Fi,"One API to swap, bridge, and zap across all major blockchains and protocols",https://indexer.nearcatalog.org/wp-content/uploads/2024/08/Li.Fi.jpg,"Infrastructure, Bridge",1723339175,mainnet,,
kucoin,KuCoin,1 Out of 4 Crypto Holders Worldwide Is with KuCoin.,https://indexer.nearcatalog.org/wp-content/uploads/2025/02/KuCoin.jpg,"Other, CEX",1723339174,mainnet,,
tokenproof,Tokenproof,"Empowering brands to connect with their audiences through the power of token-based experiences, both online and IRL. ",https://indexer.nearcatalog.org/wp-content/uploads/2024/08/Tokenproof.jpg,"Dapp, Identity",1723339174,mainnet,,
frax-finance,Frax Finance,The world's most innovative decentralized stablecoins and DeFi stablecoin infrastructure.,https://indexer.nearcatalog.org/wp-content/uploads/2024/11/Frax-Finance.jpg,"Dapp, DeFi, Stablecoin",1710502400,mainnet,,
orally,Orally,Orally - the fully on-chain oracles for secure and reliable decentralized data feeding and automation across multiple chains,https://indexer.nearcatalog.org/wp-content/uploads/2024/08/Orally.jpg,"Infrastructure, Indexer",1723339174,mainnet,,
toolbox,Toolbox,"The quickest way to create purpose-built, audited smart-contracts and Dapps for tokenized assets.",https://indexer.nearcatalog.org/wp-content/uploads/2024/08/Toolbox.jpg,"Infrastructure, Developer Tooling",1723339174,mainnet,,
foxwallet,FoxWallet,Your Go-To Web 3 Wallet Leading Multi-Chain Wallet Solution Private & Secure Decentralized & Versatile,https://indexer.nearcatalog.org/wp-content/uploads/2025/01/FoxWallet.jpg,"Infrastructure, EVM, Wallet",1723339174,mainnet,,
zeeve,Zeeve,"Rollup as a Service | Launch Enterprise-grade Rollups with superior UX, Infra &  integrated tools & protocols.",https://indexer.nearcatalog.org/wp-content/uploads/2024/08/Zeeve.jpg,"Utilities, Developer Tooling",1723339174,mainnet,,
xp-network,XP Network,A powerful NFT bridge connecting 30+ EVM and non-EVM blockchains.,https://indexer.nearcatalog.org/wp-content/uploads/2025/01/XP-Network.jpg,"Infrastructure, EVM, Aurora, Bridge",1723339173,mainnet,,
purefi,PureFi,The one-stop decentralized compliance protocol for Web3.,https://indexer.nearcatalog.org/wp-content/uploads/2024/08/PureFi.jpg,"Ecosystem Support, Compliance, Security",1723339173,mainnet,,
openocean,OpenOcean,The leading DeFi & Cross-Chain Aggregator.,https://indexer.nearcatalog.org/wp-content/uploads/2024/08/OpenOcean.jpg,"Infrastructure, DeFi, DEX",1723339173,mainnet,,
blockwallet,Blockwallet,"All-in-one self-custodial Web3 solution supporting Ethereum, BNB Chain, Polygon, and more, ensuring smooth transactions and top-tier security.",https://indexer.nearcatalog.org/wp-content/uploads/2025/01/Blockwallet.jpg,"Infrastructure, EVM, Wallet",1723339173,mainnet,,
hacken,Hacken,Making Web3 a safer place by protecting projects from getting hacked.,https://indexer.nearcatalog.org/wp-content/uploads/2024/08/Hacken.jpg,"Ecosystem Support, Audit, Security",1723339173,mainnet,,
quidli,Quidli,Share web3 assets as rewards natively in Web 2.0 apps,https://indexer.nearcatalog.org/wp-content/uploads/2024/08/Quidli.jpg,"Infrastructure, Payment",1723339172,mainnet,,
instadapp-avocado-wallet,Instadapp (Avocado Wallet),Manage multiple DeFi protocols and positions utilizing a DeFi Smart Account or Avocado Smart Wallet,https://indexer.nearcatalog.org/wp-content/uploads/2025/01/Instadapp-Avocado-Wallet.jpg,"Infrastructure, EVM, Wallet",1723339172,mainnet,,
autify-network,Autify Network,Developing a decentralized Supply-chain management and traceability platform. ,https://indexer.nearcatalog.org/wp-content/uploads/nearcatalog/autify-network.jpg,"Ecosystem Support, Service Provider",1720826088,mainnet,,
build-dao,Build DAO,"Decentralizing the developer community, pushing protocol standards, fostering innovation, and enabling collaboration.",https://indexer.nearcatalog.org/wp-content/uploads/nearcatalog/build-dao.jpg,"Ecosystem Support, Developer Support",1720641788,mainnet,,
reclaim-protocol,Reclaim Protocol,Generate verified credentials of any data on the Internet,https://indexer.nearcatalog.org/wp-content/uploads/2024/12/Reclaim-Protocol.jpg,"Infrastructure, Privacy, Zero Knowledge",1720105119,mainnet,5166,reclaim-protocol
jutsu,Jutsu,The fastest way to build and deploy decentralized apps.,https://indexer.nearcatalog.org/wp-content/uploads/2024/08/Jutsu.jpg,"Ecosystem Support, Community, Education",1716494372,mainnet,,
shitzu,Shitzu,"Introducing $SHITZU, the original meme coin of Aurora, and now available on NEAR mainnet. 100% driven by community effort. #AURORAisNEAR #NEARisNOW ‚Ä¢ NFA ‚Ä¢ DYOR",https://indexer.nearcatalog.org/wp-content/uploads/2025/01/Shitzu.jpg,"Dapp, Community, DAO, Memecoin",1700812949,mainnet,,
protocol-pawns,Protocol Pawns,The first fully decentralized chess game,https://indexer.nearcatalog.org/wp-content/uploads/2025/05/Protocol-Pawns.jpg,"Dapp, Game",1709991225,mainnet,,
spear-on-near,SPEAR on NEAR,We unite all the memes! Near Games Hub!,https://indexer.nearcatalog.org/wp-content/uploads/2025/03/SPEAR-on-NEAR.jpg,"Dapp, Game, NFT",1708622229,mainnet,,
idos,idOS,The identity layer of web3.,https://indexer.nearcatalog.org/wp-content/uploads/2024/11/idOS.jpg,"Ecosystem Support, Compliance, Identity, Zero Knowledge",1707959952,mainnet,,
ndc-obamasonictrumpskidanovpolosukhinsonicinuten,$NDC - Obama Sonic Trump Skidanov Polosukhin Sonic Inu Ten,The ObamaSonicTrumpSkidanovPolosukhinSonicInuTen (Ticker:NDC) Project,https://indexer.nearcatalog.org/wp-content/uploads/2025/01/NDC-Obama-Sonic-Trump-Skidanov-Polosukhin-Sonic-Inu-Ten.jpg,"Dapp, Memecoin",1707947097,mainnet,,
dragon-mail,Dragon Mail,Unleash the Year of the Dragon with Lucky Pockets ,https://indexer.nearcatalog.org/wp-content/uploads/2024/10/Dragon-Mail.jpg,"Dapp, Utilities, Loyalty, Productivity Tool",1707742691,inactive,,
magicbuild,MagicBuild,Generate front ends from smart contracts,https://indexer.nearcatalog.org/wp-content/uploads/nearcatalog/magicbuild.jpg,"Utilities, Developer Tooling",1706735150,still building,,
black-dragon,Black Dragon,$BLACKDRAGON is a second generation meme coin that has emerged from the depths of the NEAR Stack. ,https://indexer.nearcatalog.org/wp-content/uploads/2025/03/Black-Dragon.jpg,"Dapp, Memecoin",1703504183,mainnet,,
unifat,UniFat,An inscription platform based on Near,https://indexer.nearcatalog.org/wp-content/uploads/nearcatalog/unifat.jpg,"Dapp, Community, Marketplace",1705075185,mainnet,,
near-media,NEAR Media,One of the Media Community at NEAR Protocol,https://indexer.nearcatalog.org/wp-content/uploads/nearcatalog/near-media.jpg,"Ecosystem Support, Community",1703504183,mainnet,,
lnc-bug-eye,LNC Bug Eye,"There are over 2,000 LNC members who participate in  BugEye, a community user testing platform for projects from LNC Barrel and other NEAR Ecosystem projects.",https://indexer.nearcatalog.org/wp-content/uploads/2025/04/LNC-Bug-Eye.jpg,"Utilities, Education",1703504182,mainnet,1252,bugeye
akash,Akash,Akash is an open network that lets users buy and sell computing resources securely and efficiently. ,https://indexer.nearcatalog.org/wp-content/uploads/2025/04/Akash.jpg,"Infrastructure, Validator",1700812957,mainnet,,
nstamp,nStamp,nStamp allows users to write on NEAR blockchain encrypted verifiable timestamped proof of their form submission.,https://learnnear.club/wp-content/uploads/2023/09/nstamp-logo.svg,"Utilities, Productivity Tool",1702637278,mainnet,3359,nstamp
near-native,NEAR Native,Russian-speaking NEAR community.,https://indexer.nearcatalog.org/wp-content/uploads/2024/08/NEAR-Native.jpg,"Ecosystem Support, Community",1700812969,mainnet,,
npunks,NPunks,The First CryptoPunks NFT on NEAR blockchain.,https://indexer.nearcatalog.org/wp-content/uploads/2025/01/NPunks.jpg,"Other, NFT",1700812965,mainnet,,
toorichcity,TooRichCity,Virtual city led by a fictional middle-aged bald man.,https://indexer.nearcatalog.org/wp-content/uploads/2024/11/TooRichCity.jpg,"Dapp, NFT",1700812965,inactive,,
near-korea,Near Korea,"A regional hub of NEAR dedicated to Web3 innovation, business development, education, and talent throughout Korea and APAC.",https://indexer.nearcatalog.org/wp-content/uploads/nearcatalog/near-korea.jpg,"Ecosystem Support, Community, Regional Hub",1700812965,inactive,0,nearkorea
harmonic-guild,Harmonic Guild,Discover the simplicity of building your own NFT economy.,https://indexer.nearcatalog.org/wp-content/uploads/nearcatalog/harmonic-guild.jpg,"Ecosystem Support, Community, Service Provider",1700812965,mainnet,,
near-ukraine-guild,NEAR Ukraine Guild,"A regional hub, a community, fund, a project accelerator, a product lab, and an aggregator of vacancies for developers in NEAR.",https://indexer.nearcatalog.org/wp-content/uploads/nearcatalog/near-ukraine-guild.jpg,"Ecosystem Support, Community, Regional Hub",1700812965,mainnet,,
blocksec,BlockSec," Full-stack blockchain security experts, safeguarding assets and preventing breaches with academic research and industry expertise",https://indexer.nearcatalog.org/wp-content/uploads/nearcatalog/blocksec.jpg,"Ecosystem Support, Audit, Security",1700812965,mainnet,,
el-cafe-cartel,El Cafe Cartel,A Web3 Game-Fi NFT Project.,https://indexer.nearcatalog.org/wp-content/uploads/2025/04/El-Cafe-Cartel.jpg,"Dapp, NFT",1700812961,inactive,,
merchants-of-near,Merchants of NEAR,Financial Analysis and Project Evaluation on NEAR Protocol.,https://indexer.nearcatalog.org/wp-content/uploads/2024/12/Merchants-of-NEAR.jpg,"Ecosystem Support, Community",1700812961,mainnet,,
veax,VEAX,The Future of Decentralized Trading.,https://indexer.nearcatalog.org/wp-content/uploads/nearcatalog/veax.jpg,"Dapp, DeFi, DEX",1700812961,mainnet,,
gnosis-safe,Gnosis Safe,Largest smart account ecosystem on the EVM.,https://indexer.nearcatalog.org/wp-content/uploads/2025/01/Gnosis-Safe.jpg,"Infrastructure, EVM, Wallet",1700812961,mainnet,,
web4-near,Web4.near,"Unstoppable websites on NEAR + IPFS.
Keep your webapp running as long as users care.",https://indexer.nearcatalog.org/wp-content/uploads/2025/03/Web4.near.jpg,"Infrastructure, Developer Tooling, Storage",1742803361,mainnet,,
quicknode,QuickNode,Powering Web3 with industry-leading blockchain infrastructure.,https://indexer.nearcatalog.org/wp-content/uploads/nearcatalog/quicknode.png,"Infrastructure, Developer Tooling, RPC",1700812961,mainnet,,
genadrop,Genadrop,"The No Code NFT Generative, Art Creator Tool & Minter.",https://indexer.nearcatalog.org/wp-content/uploads/nearcatalog/genadrop.jpg,"Dapp, BOS, NFT",1700812957,mainnet,,
fireblocks,Fireblocks,All-in-one platform for building your digital asset business.,https://indexer.nearcatalog.org/wp-content/uploads/nearcatalog/fireblocks.jpg,"Utilities, Asset Management",1700812957,mainnet,,
debank,DeBank,The leading DeFi portfolio tracker.,https://indexer.nearcatalog.org/wp-content/uploads/nearcatalog/debank.jpg,"Utilities, Analytics, Asset Management",1700812957,mainnet,,
pyth-network,Pyth network,Smarter data for smarter contracts.,https://indexer.nearcatalog.org/wp-content/uploads/2024/08/Pyth-network.jpg,"Infrastructure, Analytics, Developer Tooling, Oracles",1700812957,mainnet,,
near-india,Near India,"Stay up to date on the latest news, events, and developments from the Ecosystem in India.",https://indexer.nearcatalog.org/wp-content/uploads/nearcatalog/near-india-hub.jpg,"Ecosystem Support, Community, Regional Hub",1700812957,mainnet,,
linkdrop,LinkDrop,Smart way to distribute your NFTs with claimable links & QR codes.,https://indexer.nearcatalog.org/wp-content/uploads/nearcatalog/linkdrop.jpg,Dapp,1700812957,mainnet,,
nightly-wallet,Nightly Wallet,"Cutting-edge, multichain crypto wallet.",https://indexer.nearcatalog.org/wp-content/uploads/2025/01/Nightly-Wallet.jpg,"Infrastructure, Wallet",1700812957,mainnet,,
mailchain,Mailchain,Web3 Email & messaging for everyone.,https://indexer.nearcatalog.org/wp-content/uploads/2024/09/Mailchain.jpg,"Dapp, Social",1700812953,mainnet,,
metaweb-ventures,MetaWeb Ventures,MetaWeb.VC is a global crypto firm that invests in the future of web3,https://indexer.nearcatalog.org/wp-content/uploads/2025/05/MetaWeb-Ventures.jpg,"Ecosystem Support, Funding Node",1700812953,mainnet,,
pitchtalk,Pitchtalk,Launchpad platform for your ideas.,https://indexer.nearcatalog.org/wp-content/uploads/nearcatalog/pitchtalk.jpg,"Dapp, Community, Event, Launchpad",1700812953,mainnet,,
lunarcrush,LunarCrush,Invest smarter with insights from millions of conversations happening across social.,https://indexer.nearcatalog.org/wp-content/uploads/nearcatalog/lunarcrush.jpg,"Utilities, Analytics, Social",1700812953,mainnet,,
ready-layer-one,Ready Layer One,Crypto podcast that focuses on the NEAR ecosystem.,https://indexer.nearcatalog.org/wp-content/uploads/nearcatalog/ready-layer-one.jpg,"Ecosystem Support, DAO",1700812953,mainnet,,
proximity-labs,Proximity Labs,Empowering DeFi on NEAR and Aurora.,https://indexer.nearcatalog.org/wp-content/uploads/2024/08/Proximity-Labs.jpg,"Ecosystem Support, Accelerator, Funding Node",1700812949,mainnet,0,proximity
near-balkans,NEAR Balkans,The Balkans regional hub for the NEAR community.,https://indexer.nearcatalog.org/wp-content/uploads/nearcatalog/near-balkans.jpg,"Ecosystem Support, BOS, Community, Regional Hub",1700812949,mainnet,,
bitgo,Bitgo,"BitGo provides the most secure and scalable solutions for the digital asset economy, offering regulated custody, borrowing and lending, and core infrastructure to investors and builders alike.",https://indexer.nearcatalog.org/wp-content/uploads/2025/01/Bitgo.jpg,"Infrastructure, Custodian, Enterprise",1700812949,mainnet,,
near-mobile-app,Near Mobile Wallet,"Securely store, manage & transfer NEAR & other crypto on the go.",https://indexer.nearcatalog.org/wp-content/uploads/2024/08/Near-Mobile-Wallet.jpg,"Infrastructure, Mobile, Wallet",1700812949,mainnet,,
near-tip-bot,NEAR Tip Bot,Building the blockchain dApp inside the messenger.,https://indexer.nearcatalog.org/wp-content/uploads/2024/10/NEAR-Tip-Bot.jpg,"Dapp, Bot, Payment, Social",1700812945,mainnet,,
near-insider,Near Insider,"Latest News, Insight, On-chain and Data analytics for NEAR ecosystem.",https://indexer.nearcatalog.org/wp-content/uploads/2024/12/Near-Insider.jpg,"Ecosystem Support, Education",1700812945,mainnet,0,near-insider
halborn-auditing,Halborn Auditing,"Halborn serves as your reputable partner to continuously assess an organization‚Äôs most vital assets, save time in your development lifecycle and provide world-class cybersecurity consulting and assessments every step of the way ‚Äî far beyond smart contracts.",https://indexer.nearcatalog.org/wp-content/uploads/2024/08/Halborn-Auditing.jpg,"Ecosystem Support, Security",1700812945,mainnet,0,chain-typing
lonk,LONK,"$LONK. Èæç. Lonking, not shorting.",https://indexer.nearcatalog.org/wp-content/uploads/2025/01/LONK.jpg,"Dapp, DeFi, Memecoin",1703504183,mainnet,,
getblocks,Getblocks,Blockchain node infrastructure for building dApps.,https://indexer.nearcatalog.org/wp-content/uploads/2024/08/Getblocks.jpg,"Infrastructure, Developer Tooling, Explorer, Indexer, RPC",1700812945,mainnet,0,getblock
free-code-camp,Free Code Camp,We're a community of millions of people who are building new skills and getting new jobs together.,https://indexer.nearcatalog.org/wp-content/uploads/2024/08/Free-Code-Camp.jpg,"Ecosystem Support, Education",1700812945,mainnet,,
subquery,SubQuery,Universal Web3 data indexing toolkit.,https://indexer.nearcatalog.org/wp-content/uploads/2025/06/SubQuery.jpg,"Infrastructure, Developer Tooling, Indexer",1700812945,mainnet,,
hapi,HAPI,Onchain Cybersecurity Protocol for DeFi.,https://indexer.nearcatalog.org/wp-content/uploads/nearcatalog/hapi.jpg,"Ecosystem Support, Security",1700812941,mainnet,0,hapi
qstn,QSTN,"Redefining data, DeFi and NFTs on NEAR.",https://indexer.nearcatalog.org/wp-content/uploads/2025/07/QSTN.jpg,"Utilities, Analytics, Community, NFT",1700812941,mainnet,0,qstn
ref-analytics,Rhea Analytics,Data & Analytics on Rhea Finance.,https://indexer.nearcatalog.org/wp-content/uploads/nearcatalog/ref-analytics.jpg,"Utilities, Analytics, DeFi",1700812941,mainnet,0,ref-analytics
filebase,Filebase,Store data in seconds with full S3 compatibility.,https://indexer.nearcatalog.org/wp-content/uploads/nearcatalog/filebase.jpg,"Infrastructure, Storage",1700812941,mainnet,,
token-terminal,Token Terminal,Fundamentals for crypto/Web3.,https://indexer.nearcatalog.org/wp-content/uploads/nearcatalog/token-terminal.jpg,"Utilities, Analytics",1700812941,mainnet,,
open-forest-protocol,Open Forest Protocol,"The Open Forest Protocol is an open platform to transparently measure, verify and fund forestation projects.",https://indexer.nearcatalog.org/wp-content/uploads/2024/11/Open-Forest-Protocol.jpg,"Dapp, DeSci, RWA",1700812941,mainnet,0,open-forest-protocol
heroes,Heroes,"Connecting the best of Open Web projects, talents and investors.",https://indexer.nearcatalog.org/wp-content/uploads/2024/08/Heroes.jpg,"Dapp, BOS, Bounty",1700812941,inactive,4835,heroes
near-docs,NEAR Docs,Starting point for all the documentations in NEAR.,https://indexer.nearcatalog.org/wp-content/uploads/nearcatalog/near-docs.jpg,"Utilities, Education",1700812941,mainnet,,
staking-rewards,Staking Rewards,Staking Explorer | Leading data provider for staking.,https://indexer.nearcatalog.org/wp-content/uploads/nearcatalog/staking-rewards.jpg,"Utilities, Analytics, Explorer, Validator",1700812941,mainnet,,
neko,NEKO,Meme coin and creator empowerment token on NEAR.,https://indexer.nearcatalog.org/wp-content/uploads/2025/01/NEKO.jpg,"Dapp, Memecoin, NFT",1700812949,mainnet,,
near-lands,NEAR Lands,Pixelated land game on NEAR.,https://indexer.nearcatalog.org/wp-content/uploads/2024/10/NEAR-Lands.jpg,"Dapp, Game, NFT",1700812936,mainnet,,
connect3,Connect3,Your gateway to the fabulous Web3 world.,https://indexer.nearcatalog.org/wp-content/uploads/nearcatalog/connect3.jpg,"Dapp, Social",1700812936,mainnet,,
near-nomicon,NEAR Nomicon,The Official NEAR Protocol Specifications and Standards.,https://indexer.nearcatalog.org/wp-content/uploads/2025/02/NEAR-Nomicon.jpg,"Other, Developer Support",1700812936,mainnet,,
dodo,DODO,Decentralized Trading Protocol for Web3.,https://indexer.nearcatalog.org/wp-content/uploads/nearcatalog/dodo.jpg,"Infrastructure, DEX",1700812936,mainnet,,
farm-me,Farm Me,RPG Farm game with a battle-to-survive element.,https://indexer.nearcatalog.org/wp-content/uploads/2024/08/Farm-Me.jpg,"Dapp, Game, NFT",1700812936,inactive,,
sputnik-dao,Astra++ DAO,Infra to create and fund DAOs,https://indexer.nearcatalog.org/wp-content/uploads/2025/07/Astra-DAO.jpg,"Infrastructure, DAO",1700812932,mainnet,68284,sputnikdao
math-wallet,MATH Wallet,World's First Insured Crypto Wallet.,https://indexer.nearcatalog.org/wp-content/uploads/2025/01/MATH-Wallet.jpg,"Infrastructure, Wallet",1700812932,mainnet,0,math-wallet
mynearwallet,MyNearWallet,"NEAR wallet to store, buy, send and stake assets for DeFi.",https://indexer.nearcatalog.org/wp-content/uploads/2025/01/MyNearWallet.jpg,"Infrastructure, Wallet",1700812932,mainnet,9767,mynearwallet
woo-x,Woo X,Trade Easier with Woo,https://indexer.nearcatalog.org/wp-content/uploads/2025/02/Woo-X.jpg,"Other, CEX",1700812932,mainnet,,
near-crowd,NEAR Crowd,Earn NEAR by performing simple tasks.,https://indexer.nearcatalog.org/wp-content/uploads/2025/01/NEAR-Crowd.jpg,"Dapp, AI",1700812932,inactive,0,nearcrowd
finoa,Finoa,Empowering institutions to safely engage with crypto.,https://indexer.nearcatalog.org/wp-content/uploads/nearcatalog/finoa.jpg,"Infrastructure, Custodian",1700812932,mainnet,,
daorecords,DAOrecords,Reinventing the Record Label to Democratize the Music Industry.,https://indexer.nearcatalog.org/wp-content/uploads/nearcatalog/daorecords.jpg,"Ecosystem Support, DAO, Music",1700812932,mainnet,,
defillama,DeFiLlama,Open and transparent DeFi TVL and analytics.,https://indexer.nearcatalog.org/wp-content/uploads/nearcatalog/defillama.jpg,"Utilities, Analytics, Data Availability",1700812932,mainnet,,
rainbow-bridge,Rainbow Bridge,"Transfer tokens between Ethereum, Aurora and NEAR.",https://indexer.nearcatalog.org/wp-content/uploads/2024/12/Rainbow-Bridge.jpg,"Infrastructure, Aurora, Bridge, DeFi",1700812932,mainnet,0,rainbow-bridge
near-social,Near Social,Social data protocol on NEAR.,https://indexer.nearcatalog.org/wp-content/uploads/2024/12/Near-Social.jpg,"Dapp, BOS, Social",1700812924,mainnet,9226,near-social
near-staking,NEAR-STAKING,See how decentralization is going on NEAR Network.,https://indexer.nearcatalog.org/wp-content/uploads/nearcatalog/near-staking.jpg,"Utilities, Analytics, Validator",1700812932,mainnet,,
wallet-connect,Wallet Connect,The communications protocol for Web3.,https://indexer.nearcatalog.org/wp-content/uploads/2025/01/Wallet-Connect.jpg,"Utilities, Aurora, Developer Tooling, Wallet",1700812932,mainnet,0,walletconnect
near-foundation,NEAR Foundation,"We raise awareness, support projects, and work to provide a clear path to decentralization on NEAR.",https://indexer.nearcatalog.org/wp-content/uploads/nearcatalog/near-foundation.jpg,"Ecosystem Support, Funding Node",1700812932,mainnet,2247,near-foundation
electric-capital,Electric Capital,Crypto asset management firm.,https://indexer.nearcatalog.org/wp-content/uploads/2025/02/Electric-Capital.jpg,"Ecosystem Support, Funding Node",1700812928,mainnet,,
near-explorer,Near Explorer,NEAR blockchain explorer.,https://indexer.nearcatalog.org/wp-content/uploads/nearcatalog/near-explorer.jpg,"Infrastructure, Analytics, Explorer",1700812928,mainnet,,
alchemy-pay,Alchemy Pay,Hybrid crypto-fiat payment solutions.,https://indexer.nearcatalog.org/wp-content/uploads/nearcatalog/alchemy-pay.jpg,"Utilities, On/Off-Ramp, Payment",1700812928,mainnet,,
aurigami,Aurigami,"Lend, borrow, and earn with ease on Aurora.",https://indexer.nearcatalog.org/wp-content/uploads/nearcatalog/aurigami.jpg,"Dapp, Borrowing / Lending, DeFi",1700812924,mainnet,,
coin98-wallet,Coin98 Wallet,Using a Decentralized Wallet With Experiences of a Centralized One.,https://indexer.nearcatalog.org/wp-content/uploads/2025/01/Coin98-Wallet.jpg,"Infrastructure, Mobile, Wallet",1700812924,mainnet,0,coin98-wallet
trust-wallet,Trust Wallet,Fast and secure Ethereum wallet that‚Äôs easy to use.,https://indexer.nearcatalog.org/wp-content/uploads/2025/01/Trust-Wallet.jpg,"Infrastructure, Wallet",1700812924,mainnet,0,trust-wallet
everstake,Everstake,Staking platform that specializes in PoS cryptocurrencies.,https://indexer.nearcatalog.org/wp-content/uploads/nearcatalog/everstake.jpg,"Infrastructure, Validator",1700812924,mainnet,1652,everstake
near-examples,NEAR Examples,Check out these examples for inspiration!,https://indexer.nearcatalog.org/wp-content/uploads/nearcatalog/near-examples.jpg,"Utilities, Developer Tooling, Education",1700812924,mainnet,,
metamask,MetaMask,A crypto wallet & gateway to blockchain apps.,https://indexer.nearcatalog.org/wp-content/uploads/2025/01/MetaMask.jpg,"Infrastructure, Wallet",1700812920,mainnet,,
ipfs,IPFS,"A peer-to-peer hypermedia protocol to make the web faster, safer, and more open.",https://indexer.nearcatalog.org/wp-content/uploads/nearcatalog/ipfs.jpg,"Infrastructure, Developer Tooling, Storage",1700812920,mainnet,0,filecoin
near-protocol,NEAR Protocol,"The highly scalable, developer-friendly blockchain.",https://indexer.nearcatalog.org/wp-content/uploads/2024/12/near-icon.png,"Infrastructure, Chain Abstraction, Data Availability",1700812920,mainnet,,
graph,Graph,The Graph is a web3 protocol for organizing and accessing blockchain data,https://indexer.nearcatalog.org/wp-content/uploads/2024/08/Graph.jpg,"Utilities, Developer Tooling, Indexer",1700812920,mainnet,0,the-graph
